{
    "mtrg": {
        "awscloudformation": {
            "AuthRoleName": "amplify-mtrg-frontend-mtrg-155456-authRole",
            "UnauthRoleArn": "arn:aws:iam::345559889456:role/amplify-mtrg-frontend-mtrg-155456-unauthRole",
            "AuthRoleArn": "arn:aws:iam::345559889456:role/amplify-mtrg-frontend-mtrg-155456-authRole",
            "Region": "us-east-1",
            "DeploymentBucketName": "amplify-mtrg-frontend-mtrg-155456-deployment",
            "UnauthRoleName": "amplify-mtrg-frontend-mtrg-155456-unauthRole",
            "StackName": "amplify-mtrg-frontend-mtrg-155456",
            "StackId": "arn:aws:cloudformation:us-east-1:345559889456:stack/amplify-mtrg-frontend-mtrg-155456/d4511c80-79d2-11ea-88f1-0e8a1126433d",
            "AmplifyAppId": "d3sm581bshg06t"
        },
        "categories": {
            "auth": {
                "mtrgfrontend4ccf48b3": {}
            }
        }
    }
}