{
	"providers": {
		"awscloudformation": {
			"AuthRoleName": "amplify-mtrg-frontend-mtrg-155456-authRole",
			"UnauthRoleArn": "arn:aws:iam::345559889456:role/amplify-mtrg-frontend-mtrg-155456-unauthRole",
			"AuthRoleArn": "arn:aws:iam::345559889456:role/amplify-mtrg-frontend-mtrg-155456-authRole",
			"Region": "us-east-1",
			"DeploymentBucketName": "amplify-mtrg-frontend-mtrg-155456-deployment",
			"UnauthRoleName": "amplify-mtrg-frontend-mtrg-155456-unauthRole",
			"StackName": "amplify-mtrg-frontend-mtrg-155456",
			"StackId": "arn:aws:cloudformation:us-east-1:345559889456:stack/amplify-mtrg-frontend-mtrg-155456/d4511c80-79d2-11ea-88f1-0e8a1126433d",
			"AmplifyAppId": "d3sm581bshg06t"
		}
	},
	"auth": {
		"mtrgfrontend4ccf48b3": {
			"service": "Cognito",
			"providerPlugin": "awscloudformation",
			"dependsOn": [],
			"customAuth": false,
			"providerMetadata": {
				"s3TemplateURL": "https://s3.amazonaws.com/amplify-mtrg-frontend-mtrg-155456-deployment/amplify-cfn-templates/auth/mtrgfrontend4ccf48b3-cloudformation-template.yml",
				"logicalId": "authmtrgfrontend4ccf48b3"
			},
			"lastPushTimeStamp": "2020-04-08T20:00:45.372Z",
			"output": {
				"AppClientSecret": "1e1boilbjk83vecrvk006oqrb590bh83tlvjvdvi5v2mlaouv42",
				"UserPoolId": "us-east-1_GBwlD0L8d",
				"AppClientIDWeb": "69kb1ceofjm3kkv6u2fqvansgb",
				"AppClientID": "6kcivv9ec535fdi2o4r2olpfee",
				"IdentityPoolId": "us-east-1:c8bdf58d-d807-4bd8-8312-13232fc08525",
				"IdentityPoolName": "mtrgfrontend4ccf48b3_identitypool_4ccf48b3__mtrg",
				"UserPoolName": "mtrgfrontend4ccf48b3_userpool_4ccf48b3"
			},
			"lastPushDirHash": "XTnnmeIhQuYb3Kv13hdT2ocuTP8="
		}
	}
}